{"cameraMode":{"drawMode":0,"name":"Shaded","section":"Shading Mode"},"sceneLighting":true,"audioPlay":false,"sceneViewState":{"m_AlwaysRefresh":false,"showFog":true,"showSkybox":true,"showFlares":true,"showImageEffects":true,"showParticleSystems":true,"showVisualEffectGraphs":true,"m_FxEnabled":true},"in2DMode":false,"pivot":{"x":4.950859546661377,"y":2.0164215564727785,"z":10.310945510864258},"rotation":{"x":0.14093516767024995,"y":0.8577476143836975,"z":-0.3741520345211029,"w":0.32316869497299197},"size":3.4130985736846926,"orthographic":false}