{"cameraMode":{"drawMode":0,"name":"Shaded","section":"Shading Mode"},"sceneLighting":true,"audioPlay":false,"sceneViewState":{"m_AlwaysRefresh":false,"showFog":true,"showSkybox":true,"showFlares":true,"showImageEffects":true,"showParticleSystems":true,"showVisualEffectGraphs":true,"m_FxEnabled":true},"in2DMode":false,"pivot":{"x":-0.12708812952041627,"y":-3.8405513763427736,"z":1.5395525693893433},"rotation":{"x":-0.4113749861717224,"y":-0.24326783418655396,"z":0.11492130160331726,"w":-0.8708574175834656},"size":8.806951522827149,"orthographic":false}